id_livreur,nom,vehicule
livr_01,Julien Moreau,Scooter
livr_02,Manon Petit,Vélo électrique
livr_03,Lucas Garcia,Scooter
livr_04,Emma Martin,Vélo
livr_05,Hugo Bernard,Voiture
livr_06,Chloé Durand,Scooter
livr_07,Louis Dubois,Vélo électrique
livr_08,Alice Leroy,Vélo
livr_09,Gabriel Robert,Scooter
livr_10,Léa Simon,Voiture
livr_11,Arthur Richard,Vélo électrique
livr_12,Camille Roux,Scooter
livr_13,Jules David,Vélo
livr_14,Louise Bertrand,Scooter
livr_15,Adam Michel,Voiture
livr_16,Rose Fournier,Vélo électrique
livr_17,Raphaël Girard,Scooter
livr_18,Anna Bonhomme,Vélo
livr_19,Paul Lambert,Scooter
livr_20,Mia Fontaine,Vélo électrique
livr_21,Noah Rousseau,Scooter
livr_22,Lina Vincent,Vélo
livr_23,Léo Lefevre,Voiture
livr_24,Eva Faure,Scooter
livr_25,Tom Andre,Vélo électrique
livr_26,Clara Blanc,Scooter
livr_27,Ethan Mercier,Vélo
livr_28,Iris Guerin,Scooter
livr_29,Sacha Robin,Voiture
livr_30,Jade Boyer,Vélo électrique
livr_31,Gabin Garnier,Scooter
livr_32,Ambre Clement,Vélo
livr_33,Mohamed Morin,Scooter
livr_34,Juliette Nicolas,Vélo électrique
livr_35,Aaron Henry,Voiture
livr_36,Louna Muller,Scooter
livr_37,Théo Lecomte,Vélo
livr_38,Mila Chevalier,Scooter
livr_39,Enzo Pereira,Vélo électrique
livr_40,Agathe Marchand,Scooter
livr_41,Axel Dufour,Voiture
livr_42,Romy Hubert,Vélo
livr_43,Maël Schmitt,Scooter
livr_44,Sofia Gautier,Vélo électrique
livr_45,Noé Colin,Scooter
livr_46,Léonie Roger,Vélo
livr_47,Ibrahim Carre,Scooter
livr_48,Alix Lemoine,Voiture
livr_49,Victor Picard,Vélo électrique
livr_50,Adèle Renaud,Scooter
